--
-- PostgreSQL database dump
--

-- Dumped from database version 14.3
-- Dumped by pg_dump version 14.3

SET statement_timeout = 0;
SET lock_timeout = 0;
SET idle_in_transaction_session_timeout = 0;
SET client_encoding = 'UTF8';
SET standard_conforming_strings = on;
SELECT pg_catalog.set_config('search_path', '', false);
SET check_function_bodies = false;
SET xmloption = content;
SET client_min_messages = warning;
SET row_security = off;

--
-- Name: pg_trgm; Type: EXTENSION; Schema: -; Owner: -
--

CREATE EXTENSION IF NOT EXISTS pg_trgm WITH SCHEMA public;


--
-- Name: EXTENSION pg_trgm; Type: COMMENT; Schema: -; Owner: 
--

COMMENT ON EXTENSION pg_trgm IS 'text similarity measurement and index searching based on trigrams';


SET default_tablespace = '';

SET default_table_access_method = heap;

--
-- Name: auth_group; Type: TABLE; Schema: public; Owner: aboka
--

CREATE TABLE public.auth_group (
    id integer NOT NULL,
    name character varying(150) NOT NULL
);


ALTER TABLE public.auth_group OWNER TO aboka;

--
-- Name: auth_group_id_seq; Type: SEQUENCE; Schema: public; Owner: aboka
--

ALTER TABLE public.auth_group ALTER COLUMN id ADD GENERATED BY DEFAULT AS IDENTITY (
    SEQUENCE NAME public.auth_group_id_seq
    START WITH 1
    INCREMENT BY 1
    NO MINVALUE
    NO MAXVALUE
    CACHE 1
);


--
-- Name: auth_group_permissions; Type: TABLE; Schema: public; Owner: aboka
--

CREATE TABLE public.auth_group_permissions (
    id bigint NOT NULL,
    group_id integer NOT NULL,
    permission_id integer NOT NULL
);


ALTER TABLE public.auth_group_permissions OWNER TO aboka;

--
-- Name: auth_group_permissions_id_seq; Type: SEQUENCE; Schema: public; Owner: aboka
--

ALTER TABLE public.auth_group_permissions ALTER COLUMN id ADD GENERATED BY DEFAULT AS IDENTITY (
    SEQUENCE NAME public.auth_group_permissions_id_seq
    START WITH 1
    INCREMENT BY 1
    NO MINVALUE
    NO MAXVALUE
    CACHE 1
);


--
-- Name: auth_permission; Type: TABLE; Schema: public; Owner: aboka
--

CREATE TABLE public.auth_permission (
    id integer NOT NULL,
    name character varying(255) NOT NULL,
    content_type_id integer NOT NULL,
    codename character varying(100) NOT NULL
);


ALTER TABLE public.auth_permission OWNER TO aboka;

--
-- Name: auth_permission_id_seq; Type: SEQUENCE; Schema: public; Owner: aboka
--

ALTER TABLE public.auth_permission ALTER COLUMN id ADD GENERATED BY DEFAULT AS IDENTITY (
    SEQUENCE NAME public.auth_permission_id_seq
    START WITH 1
    INCREMENT BY 1
    NO MINVALUE
    NO MAXVALUE
    CACHE 1
);


--
-- Name: django_admin_log; Type: TABLE; Schema: public; Owner: aboka
--

CREATE TABLE public.django_admin_log (
    id integer NOT NULL,
    action_time timestamp with time zone NOT NULL,
    object_id text,
    object_repr character varying(200) NOT NULL,
    action_flag smallint NOT NULL,
    change_message text NOT NULL,
    content_type_id integer,
    user_id bigint NOT NULL,
    CONSTRAINT django_admin_log_action_flag_check CHECK ((action_flag >= 0))
);


ALTER TABLE public.django_admin_log OWNER TO aboka;

--
-- Name: django_admin_log_id_seq; Type: SEQUENCE; Schema: public; Owner: aboka
--

ALTER TABLE public.django_admin_log ALTER COLUMN id ADD GENERATED BY DEFAULT AS IDENTITY (
    SEQUENCE NAME public.django_admin_log_id_seq
    START WITH 1
    INCREMENT BY 1
    NO MINVALUE
    NO MAXVALUE
    CACHE 1
);


--
-- Name: django_content_type; Type: TABLE; Schema: public; Owner: aboka
--

CREATE TABLE public.django_content_type (
    id integer NOT NULL,
    app_label character varying(100) NOT NULL,
    model character varying(100) NOT NULL
);


ALTER TABLE public.django_content_type OWNER TO aboka;

--
-- Name: django_content_type_id_seq; Type: SEQUENCE; Schema: public; Owner: aboka
--

ALTER TABLE public.django_content_type ALTER COLUMN id ADD GENERATED BY DEFAULT AS IDENTITY (
    SEQUENCE NAME public.django_content_type_id_seq
    START WITH 1
    INCREMENT BY 1
    NO MINVALUE
    NO MAXVALUE
    CACHE 1
);


--
-- Name: django_migrations; Type: TABLE; Schema: public; Owner: aboka
--

CREATE TABLE public.django_migrations (
    id bigint NOT NULL,
    app character varying(255) NOT NULL,
    name character varying(255) NOT NULL,
    applied timestamp with time zone NOT NULL
);


ALTER TABLE public.django_migrations OWNER TO aboka;

--
-- Name: django_migrations_id_seq; Type: SEQUENCE; Schema: public; Owner: aboka
--

ALTER TABLE public.django_migrations ALTER COLUMN id ADD GENERATED BY DEFAULT AS IDENTITY (
    SEQUENCE NAME public.django_migrations_id_seq
    START WITH 1
    INCREMENT BY 1
    NO MINVALUE
    NO MAXVALUE
    CACHE 1
);


--
-- Name: django_session; Type: TABLE; Schema: public; Owner: aboka
--

CREATE TABLE public.django_session (
    session_key character varying(40) NOT NULL,
    session_data text NOT NULL,
    expire_date timestamp with time zone NOT NULL
);


ALTER TABLE public.django_session OWNER TO aboka;

--
-- Name: e_commerce_app_cartitem; Type: TABLE; Schema: public; Owner: aboka
--

CREATE TABLE public.e_commerce_app_cartitem (
    id bigint NOT NULL,
    quantify integer NOT NULL,
    created_at timestamp with time zone NOT NULL,
    modified_at timestamp with time zone NOT NULL,
    product_id bigint NOT NULL,
    session_id bigint NOT NULL
);


ALTER TABLE public.e_commerce_app_cartitem OWNER TO aboka;

--
-- Name: e_commerce_app_cartitem_id_seq; Type: SEQUENCE; Schema: public; Owner: aboka
--

ALTER TABLE public.e_commerce_app_cartitem ALTER COLUMN id ADD GENERATED BY DEFAULT AS IDENTITY (
    SEQUENCE NAME public.e_commerce_app_cartitem_id_seq
    START WITH 1
    INCREMENT BY 1
    NO MINVALUE
    NO MAXVALUE
    CACHE 1
);


--
-- Name: e_commerce_app_customuser; Type: TABLE; Schema: public; Owner: aboka
--

CREATE TABLE public.e_commerce_app_customuser (
    id bigint NOT NULL,
    password character varying(128) NOT NULL,
    last_login timestamp with time zone,
    is_superuser boolean NOT NULL,
    email character varying(254) NOT NULL,
    first_name character varying(150) NOT NULL,
    last_name character varying(150) NOT NULL,
    created_at timestamp with time zone NOT NULL,
    modified_at timestamp with time zone NOT NULL,
    phone character varying(150) NOT NULL,
    is_staff boolean NOT NULL,
    is_active boolean NOT NULL
);


ALTER TABLE public.e_commerce_app_customuser OWNER TO aboka;

--
-- Name: e_commerce_app_customuser_groups; Type: TABLE; Schema: public; Owner: aboka
--

CREATE TABLE public.e_commerce_app_customuser_groups (
    id bigint NOT NULL,
    customuser_id bigint NOT NULL,
    group_id integer NOT NULL
);


ALTER TABLE public.e_commerce_app_customuser_groups OWNER TO aboka;

--
-- Name: e_commerce_app_customuser_groups_id_seq; Type: SEQUENCE; Schema: public; Owner: aboka
--

ALTER TABLE public.e_commerce_app_customuser_groups ALTER COLUMN id ADD GENERATED BY DEFAULT AS IDENTITY (
    SEQUENCE NAME public.e_commerce_app_customuser_groups_id_seq
    START WITH 1
    INCREMENT BY 1
    NO MINVALUE
    NO MAXVALUE
    CACHE 1
);


--
-- Name: e_commerce_app_customuser_id_seq; Type: SEQUENCE; Schema: public; Owner: aboka
--

ALTER TABLE public.e_commerce_app_customuser ALTER COLUMN id ADD GENERATED BY DEFAULT AS IDENTITY (
    SEQUENCE NAME public.e_commerce_app_customuser_id_seq
    START WITH 1
    INCREMENT BY 1
    NO MINVALUE
    NO MAXVALUE
    CACHE 1
);


--
-- Name: e_commerce_app_customuser_user_permissions; Type: TABLE; Schema: public; Owner: aboka
--

CREATE TABLE public.e_commerce_app_customuser_user_permissions (
    id bigint NOT NULL,
    customuser_id bigint NOT NULL,
    permission_id integer NOT NULL
);


ALTER TABLE public.e_commerce_app_customuser_user_permissions OWNER TO aboka;

--
-- Name: e_commerce_app_customuser_user_permissions_id_seq; Type: SEQUENCE; Schema: public; Owner: aboka
--

ALTER TABLE public.e_commerce_app_customuser_user_permissions ALTER COLUMN id ADD GENERATED BY DEFAULT AS IDENTITY (
    SEQUENCE NAME public.e_commerce_app_customuser_user_permissions_id_seq
    START WITH 1
    INCREMENT BY 1
    NO MINVALUE
    NO MAXVALUE
    CACHE 1
);


--
-- Name: e_commerce_app_devicebrandcategory; Type: TABLE; Schema: public; Owner: aboka
--

CREATE TABLE public.e_commerce_app_devicebrandcategory (
    id bigint NOT NULL,
    name character varying(150) NOT NULL,
    product_category_id bigint NOT NULL
);


ALTER TABLE public.e_commerce_app_devicebrandcategory OWNER TO aboka;

--
-- Name: e_commerce_app_devicebrandcategory_id_seq; Type: SEQUENCE; Schema: public; Owner: aboka
--

ALTER TABLE public.e_commerce_app_devicebrandcategory ALTER COLUMN id ADD GENERATED BY DEFAULT AS IDENTITY (
    SEQUENCE NAME public.e_commerce_app_devicebrandcategory_id_seq
    START WITH 1
    INCREMENT BY 1
    NO MINVALUE
    NO MAXVALUE
    CACHE 1
);


--
-- Name: e_commerce_app_devicetypecategory; Type: TABLE; Schema: public; Owner: aboka
--

CREATE TABLE public.e_commerce_app_devicetypecategory (
    id bigint NOT NULL,
    name character varying(150) NOT NULL,
    product_category_id bigint NOT NULL
);


ALTER TABLE public.e_commerce_app_devicetypecategory OWNER TO aboka;

--
-- Name: e_commerce_app_devicetypecategory_id_seq; Type: SEQUENCE; Schema: public; Owner: aboka
--

ALTER TABLE public.e_commerce_app_devicetypecategory ALTER COLUMN id ADD GENERATED BY DEFAULT AS IDENTITY (
    SEQUENCE NAME public.e_commerce_app_devicetypecategory_id_seq
    START WITH 1
    INCREMENT BY 1
    NO MINVALUE
    NO MAXVALUE
    CACHE 1
);


--
-- Name: e_commerce_app_discount; Type: TABLE; Schema: public; Owner: aboka
--

CREATE TABLE public.e_commerce_app_discount (
    id bigint NOT NULL,
    name character varying(150) NOT NULL,
    description text NOT NULL,
    discount_amount integer NOT NULL,
    active boolean NOT NULL,
    created_at timestamp with time zone NOT NULL,
    modified_at timestamp with time zone NOT NULL
);


ALTER TABLE public.e_commerce_app_discount OWNER TO aboka;

--
-- Name: e_commerce_app_discount_id_seq; Type: SEQUENCE; Schema: public; Owner: aboka
--

ALTER TABLE public.e_commerce_app_discount ALTER COLUMN id ADD GENERATED BY DEFAULT AS IDENTITY (
    SEQUENCE NAME public.e_commerce_app_discount_id_seq
    START WITH 1
    INCREMENT BY 1
    NO MINVALUE
    NO MAXVALUE
    CACHE 1
);


--
-- Name: e_commerce_app_orderdetail; Type: TABLE; Schema: public; Owner: aboka
--

CREATE TABLE public.e_commerce_app_orderdetail (
    id bigint NOT NULL,
    total integer NOT NULL,
    created_at timestamp with time zone NOT NULL,
    modified_at timestamp with time zone NOT NULL,
    status boolean NOT NULL,
    user_id bigint NOT NULL,
    expected_date timestamp with time zone NOT NULL
);


ALTER TABLE public.e_commerce_app_orderdetail OWNER TO aboka;

--
-- Name: e_commerce_app_orderdetail_id_seq; Type: SEQUENCE; Schema: public; Owner: aboka
--

ALTER TABLE public.e_commerce_app_orderdetail ALTER COLUMN id ADD GENERATED BY DEFAULT AS IDENTITY (
    SEQUENCE NAME public.e_commerce_app_orderdetail_id_seq
    START WITH 1
    INCREMENT BY 1
    NO MINVALUE
    NO MAXVALUE
    CACHE 1
);


--
-- Name: e_commerce_app_orderitem; Type: TABLE; Schema: public; Owner: aboka
--

CREATE TABLE public.e_commerce_app_orderitem (
    id bigint NOT NULL,
    quantity integer NOT NULL,
    created_at timestamp with time zone NOT NULL,
    modified_at timestamp with time zone NOT NULL,
    order_id bigint NOT NULL,
    product_id bigint NOT NULL
);


ALTER TABLE public.e_commerce_app_orderitem OWNER TO aboka;

--
-- Name: e_commerce_app_orderitem_id_seq; Type: SEQUENCE; Schema: public; Owner: aboka
--

ALTER TABLE public.e_commerce_app_orderitem ALTER COLUMN id ADD GENERATED BY DEFAULT AS IDENTITY (
    SEQUENCE NAME public.e_commerce_app_orderitem_id_seq
    START WITH 1
    INCREMENT BY 1
    NO MINVALUE
    NO MAXVALUE
    CACHE 1
);


--
-- Name: e_commerce_app_parttypecategory; Type: TABLE; Schema: public; Owner: aboka
--

CREATE TABLE public.e_commerce_app_parttypecategory (
    id bigint NOT NULL,
    name character varying(150) NOT NULL,
    product_category_id bigint NOT NULL
);


ALTER TABLE public.e_commerce_app_parttypecategory OWNER TO aboka;

--
-- Name: e_commerce_app_parttypecategory_id_seq; Type: SEQUENCE; Schema: public; Owner: aboka
--

ALTER TABLE public.e_commerce_app_parttypecategory ALTER COLUMN id ADD GENERATED BY DEFAULT AS IDENTITY (
    SEQUENCE NAME public.e_commerce_app_parttypecategory_id_seq
    START WITH 1
    INCREMENT BY 1
    NO MINVALUE
    NO MAXVALUE
    CACHE 1
);


--
-- Name: e_commerce_app_product; Type: TABLE; Schema: public; Owner: aboka
--

CREATE TABLE public.e_commerce_app_product (
    id bigint NOT NULL,
    name character varying(150) NOT NULL,
    description text NOT NULL,
    price integer NOT NULL,
    quantity integer NOT NULL,
    image character varying(100) NOT NULL,
    created_at timestamp with time zone NOT NULL,
    modified_at timestamp with time zone NOT NULL,
    device_brand_category_id bigint NOT NULL,
    device_type_category_id bigint NOT NULL,
    discount_id bigint NOT NULL,
    part_type_category_id bigint NOT NULL
);


ALTER TABLE public.e_commerce_app_product OWNER TO aboka;

--
-- Name: e_commerce_app_product_id_seq; Type: SEQUENCE; Schema: public; Owner: aboka
--

ALTER TABLE public.e_commerce_app_product ALTER COLUMN id ADD GENERATED BY DEFAULT AS IDENTITY (
    SEQUENCE NAME public.e_commerce_app_product_id_seq
    START WITH 1
    INCREMENT BY 1
    NO MINVALUE
    NO MAXVALUE
    CACHE 1
);


--
-- Name: e_commerce_app_productcategory; Type: TABLE; Schema: public; Owner: aboka
--

CREATE TABLE public.e_commerce_app_productcategory (
    id bigint NOT NULL,
    name character varying(150) NOT NULL,
    created_at timestamp with time zone NOT NULL,
    modified_at timestamp with time zone NOT NULL
);


ALTER TABLE public.e_commerce_app_productcategory OWNER TO aboka;

--
-- Name: e_commerce_app_productcategory_id_seq; Type: SEQUENCE; Schema: public; Owner: aboka
--

ALTER TABLE public.e_commerce_app_productcategory ALTER COLUMN id ADD GENERATED BY DEFAULT AS IDENTITY (
    SEQUENCE NAME public.e_commerce_app_productcategory_id_seq
    START WITH 1
    INCREMENT BY 1
    NO MINVALUE
    NO MAXVALUE
    CACHE 1
);


--
-- Name: e_commerce_app_shoppingsession; Type: TABLE; Schema: public; Owner: aboka
--

CREATE TABLE public.e_commerce_app_shoppingsession (
    id bigint NOT NULL,
    total integer NOT NULL,
    created_at timestamp with time zone NOT NULL,
    modified_at timestamp with time zone NOT NULL,
    user_id bigint NOT NULL
);


ALTER TABLE public.e_commerce_app_shoppingsession OWNER TO aboka;

--
-- Name: e_commerce_app_shoppingsession_id_seq; Type: SEQUENCE; Schema: public; Owner: aboka
--

ALTER TABLE public.e_commerce_app_shoppingsession ALTER COLUMN id ADD GENERATED BY DEFAULT AS IDENTITY (
    SEQUENCE NAME public.e_commerce_app_shoppingsession_id_seq
    START WITH 1
    INCREMENT BY 1
    NO MINVALUE
    NO MAXVALUE
    CACHE 1
);


--
-- Name: e_commerce_app_useraddress; Type: TABLE; Schema: public; Owner: aboka
--

CREATE TABLE public.e_commerce_app_useraddress (
    id bigint NOT NULL,
    address character varying(150) NOT NULL,
    city character varying(150) NOT NULL,
    postal_code character varying(150) NOT NULL,
    created_at timestamp with time zone NOT NULL,
    modified_at timestamp with time zone NOT NULL,
    user_id bigint NOT NULL
);


ALTER TABLE public.e_commerce_app_useraddress OWNER TO aboka;

--
-- Name: e_commerce_app_useraddress_id_seq; Type: SEQUENCE; Schema: public; Owner: aboka
--

ALTER TABLE public.e_commerce_app_useraddress ALTER COLUMN id ADD GENERATED BY DEFAULT AS IDENTITY (
    SEQUENCE NAME public.e_commerce_app_useraddress_id_seq
    START WITH 1
    INCREMENT BY 1
    NO MINVALUE
    NO MAXVALUE
    CACHE 1
);


--
-- Data for Name: auth_group; Type: TABLE DATA; Schema: public; Owner: aboka
--

COPY public.auth_group (id, name) FROM stdin;
\.


--
-- Data for Name: auth_group_permissions; Type: TABLE DATA; Schema: public; Owner: aboka
--

COPY public.auth_group_permissions (id, group_id, permission_id) FROM stdin;
\.


--
-- Data for Name: auth_permission; Type: TABLE DATA; Schema: public; Owner: aboka
--

COPY public.auth_permission (id, name, content_type_id, codename) FROM stdin;
1	Can add log entry	1	add_logentry
2	Can change log entry	1	change_logentry
3	Can delete log entry	1	delete_logentry
4	Can view log entry	1	view_logentry
5	Can add permission	2	add_permission
6	Can change permission	2	change_permission
7	Can delete permission	2	delete_permission
8	Can view permission	2	view_permission
9	Can add group	3	add_group
10	Can change group	3	change_group
11	Can delete group	3	delete_group
12	Can view group	3	view_group
13	Can add session	4	add_session
14	Can change session	4	change_session
15	Can delete session	4	delete_session
16	Can view session	4	view_session
17	Can add custom user	5	add_customuser
18	Can change custom user	5	change_customuser
19	Can delete custom user	5	delete_customuser
20	Can view custom user	5	view_customuser
21	Can add device brand category	6	add_devicebrandcategory
22	Can change device brand category	6	change_devicebrandcategory
23	Can delete device brand category	6	delete_devicebrandcategory
24	Can view device brand category	6	view_devicebrandcategory
25	Can add Тип устройства	7	add_devicetypecategory
26	Can change Тип устройства	7	change_devicetypecategory
27	Can delete Тип устройства	7	delete_devicetypecategory
28	Can view Тип устройства	7	view_devicetypecategory
29	Can add discount	8	add_discount
30	Can change discount	8	change_discount
31	Can delete discount	8	delete_discount
32	Can view discount	8	view_discount
33	Can add order detail	9	add_orderdetail
34	Can change order detail	9	change_orderdetail
35	Can delete order detail	9	delete_orderdetail
36	Can view order detail	9	view_orderdetail
37	Can add part type category	10	add_parttypecategory
38	Can change part type category	10	change_parttypecategory
39	Can delete part type category	10	delete_parttypecategory
40	Can view part type category	10	view_parttypecategory
41	Can add product category	11	add_productcategory
42	Can change product category	11	change_productcategory
43	Can delete product category	11	delete_productcategory
44	Can view product category	11	view_productcategory
45	Can add user address	12	add_useraddress
46	Can change user address	12	change_useraddress
47	Can delete user address	12	delete_useraddress
48	Can view user address	12	view_useraddress
49	Can add shopping session	13	add_shoppingsession
50	Can change shopping session	13	change_shoppingsession
51	Can delete shopping session	13	delete_shoppingsession
52	Can view shopping session	13	view_shoppingsession
53	Can add product	14	add_product
54	Can change product	14	change_product
55	Can delete product	14	delete_product
56	Can view product	14	view_product
57	Can add order item	15	add_orderitem
58	Can change order item	15	change_orderitem
59	Can delete order item	15	delete_orderitem
60	Can view order item	15	view_orderitem
61	Can add cart item	16	add_cartitem
62	Can change cart item	16	change_cartitem
63	Can delete cart item	16	delete_cartitem
64	Can view cart item	16	view_cartitem
65	Can add content type	17	add_contenttype
66	Can change content type	17	change_contenttype
67	Can delete content type	17	delete_contenttype
68	Can view content type	17	view_contenttype
\.


--
-- Data for Name: django_admin_log; Type: TABLE DATA; Schema: public; Owner: aboka
--

COPY public.django_admin_log (id, action_time, object_id, object_repr, action_flag, change_message, content_type_id, user_id) FROM stdin;
1	2022-08-09 18:10:00.743583+06	1	Тип устройства	1	[{"added": {}}]	11	1
2	2022-08-09 18:11:11.996833+06	2	Марка устройства	1	[{"added": {}}]	11	1
3	2022-08-09 18:11:16.83474+06	1	Тип устройства	2	[]	11	1
4	2022-08-09 18:11:26.988253+06	3	Тип запчасти	1	[{"added": {}}]	11	1
5	2022-08-09 18:13:04.565205+06	1	DeviceBrandCategory object (1)	1	[{"added": {}}]	6	1
6	2022-08-09 18:13:32.619876+06	2	Samsung	1	[{"added": {}}]	6	1
7	2022-08-09 18:13:41.079681+06	1	Сливной насос	1	[{"added": {}}]	10	1
8	2022-08-09 18:13:52.046296+06	1	Стиральная машина	1	[{"added": {}}]	7	1
9	2022-08-09 18:56:35.799753+06	3	Универсальный	1	[{"added": {}}]	6	1
10	2022-08-09 18:56:55.921092+06	1	Default	1	[{"added": {}}]	8	1
11	2022-08-09 18:57:01.035109+06	1	Сливной насос универсальный для стиральных машин крепление на 3 винта (болтах) ASKOLL 40W	1	[{"added": {}}]	14	1
12	2022-08-09 20:19:55.633283+06	1	Сливной насос универсальный для стиральных машин крепление на 3 винта (болтах) ASKOLL 40W	2	[{"changed": {"fields": ["Image"]}}]	14	1
13	2022-08-09 20:20:02.290969+06	1	Сливной насос универсальный для стиральных машин крепление на 3 винта (болтах) ASKOLL 40W	2	[{"changed": {"fields": ["Image"]}}]	14	1
14	2022-08-11 21:43:50.425866+06	2	Датчик уровня воды	1	[{"added": {}}]	10	1
15	2022-08-11 21:43:58.471583+06	2	Датчик уровня воды для стиральной машины Samsung DC97-00731A	1	[{"added": {}}]	14	1
\.


--
-- Data for Name: django_content_type; Type: TABLE DATA; Schema: public; Owner: aboka
--

COPY public.django_content_type (id, app_label, model) FROM stdin;
1	admin	logentry
2	auth	permission
3	auth	group
4	sessions	session
5	e_commerce_app	customuser
6	e_commerce_app	devicebrandcategory
7	e_commerce_app	devicetypecategory
8	e_commerce_app	discount
9	e_commerce_app	orderdetail
10	e_commerce_app	parttypecategory
11	e_commerce_app	productcategory
12	e_commerce_app	useraddress
13	e_commerce_app	shoppingsession
14	e_commerce_app	product
15	e_commerce_app	orderitem
16	e_commerce_app	cartitem
17	contenttypes	contenttype
\.


--
-- Data for Name: django_migrations; Type: TABLE DATA; Schema: public; Owner: aboka
--

COPY public.django_migrations (id, app, name, applied) FROM stdin;
1	contenttypes	0001_initial	2022-08-09 18:09:06.254996+06
2	contenttypes	0002_remove_content_type_name	2022-08-09 18:09:06.259838+06
3	auth	0001_initial	2022-08-09 18:09:06.300571+06
4	auth	0002_alter_permission_name_max_length	2022-08-09 18:09:06.303778+06
5	auth	0003_alter_user_email_max_length	2022-08-09 18:09:06.308232+06
6	auth	0004_alter_user_username_opts	2022-08-09 18:09:06.311677+06
7	auth	0005_alter_user_last_login_null	2022-08-09 18:09:06.316032+06
8	auth	0006_require_contenttypes_0002	2022-08-09 18:09:06.317094+06
9	auth	0007_alter_validators_add_error_messages	2022-08-09 18:09:06.321507+06
10	auth	0008_alter_user_username_max_length	2022-08-09 18:09:06.325835+06
11	auth	0009_alter_user_last_name_max_length	2022-08-09 18:09:06.330318+06
12	auth	0010_alter_group_name_max_length	2022-08-09 18:09:06.333906+06
13	auth	0011_update_proxy_permissions	2022-08-09 18:09:06.338379+06
14	auth	0012_alter_user_first_name_max_length	2022-08-09 18:09:06.341893+06
15	e_commerce_app	0001_initial	2022-08-09 18:09:06.553605+06
16	admin	0001_initial	2022-08-09 18:09:06.612078+06
17	admin	0002_logentry_remove_auto_add	2022-08-09 18:09:06.625035+06
18	admin	0003_logentry_add_action_flag_choices	2022-08-09 18:09:06.63839+06
19	sessions	0001_initial	2022-08-09 18:09:06.653942+06
20	e_commerce_app	0002_alter_devicebrandcategory_options_and_more	2022-08-09 18:10:50.620585+06
21	e_commerce_app	0003_alter_product_device_brand_category_and_more	2022-08-10 07:07:06.043396+06
22	e_commerce_app	0004_orderdetail_expected_date	2022-08-17 10:32:21.885315+06
\.


--
-- Data for Name: django_session; Type: TABLE DATA; Schema: public; Owner: aboka
--

COPY public.django_session (session_key, session_data, expire_date) FROM stdin;
5mlcrmeg89rfobkw9i5h4vuxvjlsrns8	.eJxVjMEOwiAQRP-FsyGyW6Dr0bvfQGABqRpISnsy_rsh6UGPM-_NvIXz-1bc3tPqliguQonTbxc8P1MdID58vTfJrW7rEuRQ5EG7vLWYXtfD_TsovpexVhPGWTObYNhYD4gaFChiSnbOwTIB6XxGyjozGQKECS1nGsEo8fkCzws3DQ:1oLO3N:Xt_GvK9J9-OyGs2K9JDWXgMWBEQ5VhZnpHqlPlE6jLY	2022-08-23 18:09:45.114927+06
\.


--
-- Data for Name: e_commerce_app_cartitem; Type: TABLE DATA; Schema: public; Owner: aboka
--

COPY public.e_commerce_app_cartitem (id, quantify, created_at, modified_at, product_id, session_id) FROM stdin;
\.


--
-- Data for Name: e_commerce_app_customuser; Type: TABLE DATA; Schema: public; Owner: aboka
--

COPY public.e_commerce_app_customuser (id, password, last_login, is_superuser, email, first_name, last_name, created_at, modified_at, phone, is_staff, is_active) FROM stdin;
1	pbkdf2_sha256$390000$7wrV0ECu3gkKfqAsuGFiu9$KFAPtb6b3BFEbrWMfQ7y2mOd5Q/WSR32AT5Z5FNBZ3c=	2022-08-09 18:09:45.112531+06	t	zz.abulhair.zz@gmail.com	Abulkhair		2022-08-09 18:09:25.505784+06	2022-08-09 18:09:25.505787+06		t	t
\.


--
-- Data for Name: e_commerce_app_customuser_groups; Type: TABLE DATA; Schema: public; Owner: aboka
--

COPY public.e_commerce_app_customuser_groups (id, customuser_id, group_id) FROM stdin;
\.


--
-- Data for Name: e_commerce_app_customuser_user_permissions; Type: TABLE DATA; Schema: public; Owner: aboka
--

COPY public.e_commerce_app_customuser_user_permissions (id, customuser_id, permission_id) FROM stdin;
\.


--
-- Data for Name: e_commerce_app_devicebrandcategory; Type: TABLE DATA; Schema: public; Owner: aboka
--

COPY public.e_commerce_app_devicebrandcategory (id, name, product_category_id) FROM stdin;
1	LG	2
2	Samsung	2
3	Универсальный	2
\.


--
-- Data for Name: e_commerce_app_devicetypecategory; Type: TABLE DATA; Schema: public; Owner: aboka
--

COPY public.e_commerce_app_devicetypecategory (id, name, product_category_id) FROM stdin;
1	Стиральная машина	1
\.


--
-- Data for Name: e_commerce_app_discount; Type: TABLE DATA; Schema: public; Owner: aboka
--

COPY public.e_commerce_app_discount (id, name, description, discount_amount, active, created_at, modified_at) FROM stdin;
1	Default	Default discount	0	t	2022-08-09 18:56:40+06	2022-08-09 18:56:40+06
\.


--
-- Data for Name: e_commerce_app_orderdetail; Type: TABLE DATA; Schema: public; Owner: aboka
--

COPY public.e_commerce_app_orderdetail (id, total, created_at, modified_at, status, user_id, expected_date) FROM stdin;
\.


--
-- Data for Name: e_commerce_app_orderitem; Type: TABLE DATA; Schema: public; Owner: aboka
--

COPY public.e_commerce_app_orderitem (id, quantity, created_at, modified_at, order_id, product_id) FROM stdin;
\.


--
-- Data for Name: e_commerce_app_parttypecategory; Type: TABLE DATA; Schema: public; Owner: aboka
--

COPY public.e_commerce_app_parttypecategory (id, name, product_category_id) FROM stdin;
1	Сливной насос	3
2	Датчик уровня воды	3
\.


--
-- Data for Name: e_commerce_app_product; Type: TABLE DATA; Schema: public; Owner: aboka
--

COPY public.e_commerce_app_product (id, name, description, price, quantity, image, created_at, modified_at, device_brand_category_id, device_type_category_id, discount_id, part_type_category_id) FROM stdin;
1	Сливной насос универсальный для стиральных машин крепление на 3 винта (болтах) ASKOLL 40W	Сливной насос универсальный для стиральных машин крепление на 3 винта (болтах) ASKOLL 40W	5800	3	187916006_slivnoj-nasos-universa.jpg	2022-08-09 18:55:58+06	2022-08-09 18:55:58+06	3	1	1	1
2	Датчик уровня воды для стиральной машины Samsung DC97-00731A	Датчик уровня воды для стиральной машины Samsung DC97-00731A	5000	2	187917355_w640_h640_187917355.jpg	2022-08-11 21:40:36+06	2022-08-11 21:40:36+06	2	1	1	2
\.


--
-- Data for Name: e_commerce_app_productcategory; Type: TABLE DATA; Schema: public; Owner: aboka
--

COPY public.e_commerce_app_productcategory (id, name, created_at, modified_at) FROM stdin;
2	Марка устройства	2022-08-09 18:10:58+06	2022-08-09 18:10:58+06
1	Тип устройства	2022-08-09 18:09:49+06	2022-08-09 18:09:49+06
3	Тип запчасти	2022-08-09 18:11:18+06	2022-08-09 18:11:18+06
\.


--
-- Data for Name: e_commerce_app_shoppingsession; Type: TABLE DATA; Schema: public; Owner: aboka
--

COPY public.e_commerce_app_shoppingsession (id, total, created_at, modified_at, user_id) FROM stdin;
\.


--
-- Data for Name: e_commerce_app_useraddress; Type: TABLE DATA; Schema: public; Owner: aboka
--

COPY public.e_commerce_app_useraddress (id, address, city, postal_code, created_at, modified_at, user_id) FROM stdin;
\.


--
-- Name: auth_group_id_seq; Type: SEQUENCE SET; Schema: public; Owner: aboka
--

SELECT pg_catalog.setval('public.auth_group_id_seq', 1, false);


--
-- Name: auth_group_permissions_id_seq; Type: SEQUENCE SET; Schema: public; Owner: aboka
--

SELECT pg_catalog.setval('public.auth_group_permissions_id_seq', 1, false);


--
-- Name: auth_permission_id_seq; Type: SEQUENCE SET; Schema: public; Owner: aboka
--

SELECT pg_catalog.setval('public.auth_permission_id_seq', 68, true);


--
-- Name: django_admin_log_id_seq; Type: SEQUENCE SET; Schema: public; Owner: aboka
--

SELECT pg_catalog.setval('public.django_admin_log_id_seq', 15, true);


--
-- Name: django_content_type_id_seq; Type: SEQUENCE SET; Schema: public; Owner: aboka
--

SELECT pg_catalog.setval('public.django_content_type_id_seq', 17, true);


--
-- Name: django_migrations_id_seq; Type: SEQUENCE SET; Schema: public; Owner: aboka
--

SELECT pg_catalog.setval('public.django_migrations_id_seq', 22, true);


--
-- Name: e_commerce_app_cartitem_id_seq; Type: SEQUENCE SET; Schema: public; Owner: aboka
--

SELECT pg_catalog.setval('public.e_commerce_app_cartitem_id_seq', 1, false);


--
-- Name: e_commerce_app_customuser_groups_id_seq; Type: SEQUENCE SET; Schema: public; Owner: aboka
--

SELECT pg_catalog.setval('public.e_commerce_app_customuser_groups_id_seq', 1, false);


--
-- Name: e_commerce_app_customuser_id_seq; Type: SEQUENCE SET; Schema: public; Owner: aboka
--

SELECT pg_catalog.setval('public.e_commerce_app_customuser_id_seq', 1, true);


--
-- Name: e_commerce_app_customuser_user_permissions_id_seq; Type: SEQUENCE SET; Schema: public; Owner: aboka
--

SELECT pg_catalog.setval('public.e_commerce_app_customuser_user_permissions_id_seq', 1, false);


--
-- Name: e_commerce_app_devicebrandcategory_id_seq; Type: SEQUENCE SET; Schema: public; Owner: aboka
--

SELECT pg_catalog.setval('public.e_commerce_app_devicebrandcategory_id_seq', 3, true);


--
-- Name: e_commerce_app_devicetypecategory_id_seq; Type: SEQUENCE SET; Schema: public; Owner: aboka
--

SELECT pg_catalog.setval('public.e_commerce_app_devicetypecategory_id_seq', 1, true);


--
-- Name: e_commerce_app_discount_id_seq; Type: SEQUENCE SET; Schema: public; Owner: aboka
--

SELECT pg_catalog.setval('public.e_commerce_app_discount_id_seq', 1, true);


--
-- Name: e_commerce_app_orderdetail_id_seq; Type: SEQUENCE SET; Schema: public; Owner: aboka
--

SELECT pg_catalog.setval('public.e_commerce_app_orderdetail_id_seq', 1, false);


--
-- Name: e_commerce_app_orderitem_id_seq; Type: SEQUENCE SET; Schema: public; Owner: aboka
--

SELECT pg_catalog.setval('public.e_commerce_app_orderitem_id_seq', 1, false);


--
-- Name: e_commerce_app_parttypecategory_id_seq; Type: SEQUENCE SET; Schema: public; Owner: aboka
--

SELECT pg_catalog.setval('public.e_commerce_app_parttypecategory_id_seq', 2, true);


--
-- Name: e_commerce_app_product_id_seq; Type: SEQUENCE SET; Schema: public; Owner: aboka
--

SELECT pg_catalog.setval('public.e_commerce_app_product_id_seq', 2, true);


--
-- Name: e_commerce_app_productcategory_id_seq; Type: SEQUENCE SET; Schema: public; Owner: aboka
--

SELECT pg_catalog.setval('public.e_commerce_app_productcategory_id_seq', 3, true);


--
-- Name: e_commerce_app_shoppingsession_id_seq; Type: SEQUENCE SET; Schema: public; Owner: aboka
--

SELECT pg_catalog.setval('public.e_commerce_app_shoppingsession_id_seq', 1, false);


--
-- Name: e_commerce_app_useraddress_id_seq; Type: SEQUENCE SET; Schema: public; Owner: aboka
--

SELECT pg_catalog.setval('public.e_commerce_app_useraddress_id_seq', 1, false);


--
-- Name: auth_group auth_group_name_key; Type: CONSTRAINT; Schema: public; Owner: aboka
--

ALTER TABLE ONLY public.auth_group
    ADD CONSTRAINT auth_group_name_key UNIQUE (name);


--
-- Name: auth_group_permissions auth_group_permissions_group_id_permission_id_0cd325b0_uniq; Type: CONSTRAINT; Schema: public; Owner: aboka
--

ALTER TABLE ONLY public.auth_group_permissions
    ADD CONSTRAINT auth_group_permissions_group_id_permission_id_0cd325b0_uniq UNIQUE (group_id, permission_id);


--
-- Name: auth_group_permissions auth_group_permissions_pkey; Type: CONSTRAINT; Schema: public; Owner: aboka
--

ALTER TABLE ONLY public.auth_group_permissions
    ADD CONSTRAINT auth_group_permissions_pkey PRIMARY KEY (id);


--
-- Name: auth_group auth_group_pkey; Type: CONSTRAINT; Schema: public; Owner: aboka
--

ALTER TABLE ONLY public.auth_group
    ADD CONSTRAINT auth_group_pkey PRIMARY KEY (id);


--
-- Name: auth_permission auth_permission_content_type_id_codename_01ab375a_uniq; Type: CONSTRAINT; Schema: public; Owner: aboka
--

ALTER TABLE ONLY public.auth_permission
    ADD CONSTRAINT auth_permission_content_type_id_codename_01ab375a_uniq UNIQUE (content_type_id, codename);


--
-- Name: auth_permission auth_permission_pkey; Type: CONSTRAINT; Schema: public; Owner: aboka
--

ALTER TABLE ONLY public.auth_permission
    ADD CONSTRAINT auth_permission_pkey PRIMARY KEY (id);


--
-- Name: django_admin_log django_admin_log_pkey; Type: CONSTRAINT; Schema: public; Owner: aboka
--

ALTER TABLE ONLY public.django_admin_log
    ADD CONSTRAINT django_admin_log_pkey PRIMARY KEY (id);


--
-- Name: django_content_type django_content_type_app_label_model_76bd3d3b_uniq; Type: CONSTRAINT; Schema: public; Owner: aboka
--

ALTER TABLE ONLY public.django_content_type
    ADD CONSTRAINT django_content_type_app_label_model_76bd3d3b_uniq UNIQUE (app_label, model);


--
-- Name: django_content_type django_content_type_pkey; Type: CONSTRAINT; Schema: public; Owner: aboka
--

ALTER TABLE ONLY public.django_content_type
    ADD CONSTRAINT django_content_type_pkey PRIMARY KEY (id);


--
-- Name: django_migrations django_migrations_pkey; Type: CONSTRAINT; Schema: public; Owner: aboka
--

ALTER TABLE ONLY public.django_migrations
    ADD CONSTRAINT django_migrations_pkey PRIMARY KEY (id);


--
-- Name: django_session django_session_pkey; Type: CONSTRAINT; Schema: public; Owner: aboka
--

ALTER TABLE ONLY public.django_session
    ADD CONSTRAINT django_session_pkey PRIMARY KEY (session_key);


--
-- Name: e_commerce_app_cartitem e_commerce_app_cartitem_pkey; Type: CONSTRAINT; Schema: public; Owner: aboka
--

ALTER TABLE ONLY public.e_commerce_app_cartitem
    ADD CONSTRAINT e_commerce_app_cartitem_pkey PRIMARY KEY (id);


--
-- Name: e_commerce_app_cartitem e_commerce_app_cartitem_product_id_key; Type: CONSTRAINT; Schema: public; Owner: aboka
--

ALTER TABLE ONLY public.e_commerce_app_cartitem
    ADD CONSTRAINT e_commerce_app_cartitem_product_id_key UNIQUE (product_id);


--
-- Name: e_commerce_app_customuser_groups e_commerce_app_customuse_customuser_id_group_id_ec2e6e93_uniq; Type: CONSTRAINT; Schema: public; Owner: aboka
--

ALTER TABLE ONLY public.e_commerce_app_customuser_groups
    ADD CONSTRAINT e_commerce_app_customuse_customuser_id_group_id_ec2e6e93_uniq UNIQUE (customuser_id, group_id);


--
-- Name: e_commerce_app_customuser_user_permissions e_commerce_app_customuse_customuser_id_permission_86b0ef26_uniq; Type: CONSTRAINT; Schema: public; Owner: aboka
--

ALTER TABLE ONLY public.e_commerce_app_customuser_user_permissions
    ADD CONSTRAINT e_commerce_app_customuse_customuser_id_permission_86b0ef26_uniq UNIQUE (customuser_id, permission_id);


--
-- Name: e_commerce_app_customuser e_commerce_app_customuser_email_key; Type: CONSTRAINT; Schema: public; Owner: aboka
--

ALTER TABLE ONLY public.e_commerce_app_customuser
    ADD CONSTRAINT e_commerce_app_customuser_email_key UNIQUE (email);


--
-- Name: e_commerce_app_customuser_groups e_commerce_app_customuser_groups_pkey; Type: CONSTRAINT; Schema: public; Owner: aboka
--

ALTER TABLE ONLY public.e_commerce_app_customuser_groups
    ADD CONSTRAINT e_commerce_app_customuser_groups_pkey PRIMARY KEY (id);


--
-- Name: e_commerce_app_customuser e_commerce_app_customuser_pkey; Type: CONSTRAINT; Schema: public; Owner: aboka
--

ALTER TABLE ONLY public.e_commerce_app_customuser
    ADD CONSTRAINT e_commerce_app_customuser_pkey PRIMARY KEY (id);


--
-- Name: e_commerce_app_customuser_user_permissions e_commerce_app_customuser_user_permissions_pkey; Type: CONSTRAINT; Schema: public; Owner: aboka
--

ALTER TABLE ONLY public.e_commerce_app_customuser_user_permissions
    ADD CONSTRAINT e_commerce_app_customuser_user_permissions_pkey PRIMARY KEY (id);


--
-- Name: e_commerce_app_devicebrandcategory e_commerce_app_devicebrandcategory_name_key; Type: CONSTRAINT; Schema: public; Owner: aboka
--

ALTER TABLE ONLY public.e_commerce_app_devicebrandcategory
    ADD CONSTRAINT e_commerce_app_devicebrandcategory_name_key UNIQUE (name);


--
-- Name: e_commerce_app_devicebrandcategory e_commerce_app_devicebrandcategory_pkey; Type: CONSTRAINT; Schema: public; Owner: aboka
--

ALTER TABLE ONLY public.e_commerce_app_devicebrandcategory
    ADD CONSTRAINT e_commerce_app_devicebrandcategory_pkey PRIMARY KEY (id);


--
-- Name: e_commerce_app_devicetypecategory e_commerce_app_devicetypecategory_name_key; Type: CONSTRAINT; Schema: public; Owner: aboka
--

ALTER TABLE ONLY public.e_commerce_app_devicetypecategory
    ADD CONSTRAINT e_commerce_app_devicetypecategory_name_key UNIQUE (name);


--
-- Name: e_commerce_app_devicetypecategory e_commerce_app_devicetypecategory_pkey; Type: CONSTRAINT; Schema: public; Owner: aboka
--

ALTER TABLE ONLY public.e_commerce_app_devicetypecategory
    ADD CONSTRAINT e_commerce_app_devicetypecategory_pkey PRIMARY KEY (id);


--
-- Name: e_commerce_app_discount e_commerce_app_discount_pkey; Type: CONSTRAINT; Schema: public; Owner: aboka
--

ALTER TABLE ONLY public.e_commerce_app_discount
    ADD CONSTRAINT e_commerce_app_discount_pkey PRIMARY KEY (id);


--
-- Name: e_commerce_app_orderdetail e_commerce_app_orderdetail_pkey; Type: CONSTRAINT; Schema: public; Owner: aboka
--

ALTER TABLE ONLY public.e_commerce_app_orderdetail
    ADD CONSTRAINT e_commerce_app_orderdetail_pkey PRIMARY KEY (id);


--
-- Name: e_commerce_app_orderitem e_commerce_app_orderitem_pkey; Type: CONSTRAINT; Schema: public; Owner: aboka
--

ALTER TABLE ONLY public.e_commerce_app_orderitem
    ADD CONSTRAINT e_commerce_app_orderitem_pkey PRIMARY KEY (id);


--
-- Name: e_commerce_app_orderitem e_commerce_app_orderitem_product_id_key; Type: CONSTRAINT; Schema: public; Owner: aboka
--

ALTER TABLE ONLY public.e_commerce_app_orderitem
    ADD CONSTRAINT e_commerce_app_orderitem_product_id_key UNIQUE (product_id);


--
-- Name: e_commerce_app_parttypecategory e_commerce_app_parttypecategory_name_key; Type: CONSTRAINT; Schema: public; Owner: aboka
--

ALTER TABLE ONLY public.e_commerce_app_parttypecategory
    ADD CONSTRAINT e_commerce_app_parttypecategory_name_key UNIQUE (name);


--
-- Name: e_commerce_app_parttypecategory e_commerce_app_parttypecategory_pkey; Type: CONSTRAINT; Schema: public; Owner: aboka
--

ALTER TABLE ONLY public.e_commerce_app_parttypecategory
    ADD CONSTRAINT e_commerce_app_parttypecategory_pkey PRIMARY KEY (id);


--
-- Name: e_commerce_app_product e_commerce_app_product_pkey; Type: CONSTRAINT; Schema: public; Owner: aboka
--

ALTER TABLE ONLY public.e_commerce_app_product
    ADD CONSTRAINT e_commerce_app_product_pkey PRIMARY KEY (id);


--
-- Name: e_commerce_app_productcategory e_commerce_app_productcategory_name_key; Type: CONSTRAINT; Schema: public; Owner: aboka
--

ALTER TABLE ONLY public.e_commerce_app_productcategory
    ADD CONSTRAINT e_commerce_app_productcategory_name_key UNIQUE (name);


--
-- Name: e_commerce_app_productcategory e_commerce_app_productcategory_pkey; Type: CONSTRAINT; Schema: public; Owner: aboka
--

ALTER TABLE ONLY public.e_commerce_app_productcategory
    ADD CONSTRAINT e_commerce_app_productcategory_pkey PRIMARY KEY (id);


--
-- Name: e_commerce_app_shoppingsession e_commerce_app_shoppingsession_pkey; Type: CONSTRAINT; Schema: public; Owner: aboka
--

ALTER TABLE ONLY public.e_commerce_app_shoppingsession
    ADD CONSTRAINT e_commerce_app_shoppingsession_pkey PRIMARY KEY (id);


--
-- Name: e_commerce_app_shoppingsession e_commerce_app_shoppingsession_user_id_key; Type: CONSTRAINT; Schema: public; Owner: aboka
--

ALTER TABLE ONLY public.e_commerce_app_shoppingsession
    ADD CONSTRAINT e_commerce_app_shoppingsession_user_id_key UNIQUE (user_id);


--
-- Name: e_commerce_app_useraddress e_commerce_app_useraddress_pkey; Type: CONSTRAINT; Schema: public; Owner: aboka
--

ALTER TABLE ONLY public.e_commerce_app_useraddress
    ADD CONSTRAINT e_commerce_app_useraddress_pkey PRIMARY KEY (id);


--
-- Name: auth_group_name_a6ea08ec_like; Type: INDEX; Schema: public; Owner: aboka
--

CREATE INDEX auth_group_name_a6ea08ec_like ON public.auth_group USING btree (name varchar_pattern_ops);


--
-- Name: auth_group_permissions_group_id_b120cbf9; Type: INDEX; Schema: public; Owner: aboka
--

CREATE INDEX auth_group_permissions_group_id_b120cbf9 ON public.auth_group_permissions USING btree (group_id);


--
-- Name: auth_group_permissions_permission_id_84c5c92e; Type: INDEX; Schema: public; Owner: aboka
--

CREATE INDEX auth_group_permissions_permission_id_84c5c92e ON public.auth_group_permissions USING btree (permission_id);


--
-- Name: auth_permission_content_type_id_2f476e4b; Type: INDEX; Schema: public; Owner: aboka
--

CREATE INDEX auth_permission_content_type_id_2f476e4b ON public.auth_permission USING btree (content_type_id);


--
-- Name: django_admin_log_content_type_id_c4bce8eb; Type: INDEX; Schema: public; Owner: aboka
--

CREATE INDEX django_admin_log_content_type_id_c4bce8eb ON public.django_admin_log USING btree (content_type_id);


--
-- Name: django_admin_log_user_id_c564eba6; Type: INDEX; Schema: public; Owner: aboka
--

CREATE INDEX django_admin_log_user_id_c564eba6 ON public.django_admin_log USING btree (user_id);


--
-- Name: django_session_expire_date_a5c62663; Type: INDEX; Schema: public; Owner: aboka
--

CREATE INDEX django_session_expire_date_a5c62663 ON public.django_session USING btree (expire_date);


--
-- Name: django_session_session_key_c0390e0f_like; Type: INDEX; Schema: public; Owner: aboka
--

CREATE INDEX django_session_session_key_c0390e0f_like ON public.django_session USING btree (session_key varchar_pattern_ops);


--
-- Name: e_commerce_app_cartitem_session_id_ce8e428a; Type: INDEX; Schema: public; Owner: aboka
--

CREATE INDEX e_commerce_app_cartitem_session_id_ce8e428a ON public.e_commerce_app_cartitem USING btree (session_id);


--
-- Name: e_commerce_app_customuser__customuser_id_db11a88e; Type: INDEX; Schema: public; Owner: aboka
--

CREATE INDEX e_commerce_app_customuser__customuser_id_db11a88e ON public.e_commerce_app_customuser_user_permissions USING btree (customuser_id);


--
-- Name: e_commerce_app_customuser__permission_id_755614d0; Type: INDEX; Schema: public; Owner: aboka
--

CREATE INDEX e_commerce_app_customuser__permission_id_755614d0 ON public.e_commerce_app_customuser_user_permissions USING btree (permission_id);


--
-- Name: e_commerce_app_customuser_email_f3705013_like; Type: INDEX; Schema: public; Owner: aboka
--

CREATE INDEX e_commerce_app_customuser_email_f3705013_like ON public.e_commerce_app_customuser USING btree (email varchar_pattern_ops);


--
-- Name: e_commerce_app_customuser_groups_customuser_id_64bb1457; Type: INDEX; Schema: public; Owner: aboka
--

CREATE INDEX e_commerce_app_customuser_groups_customuser_id_64bb1457 ON public.e_commerce_app_customuser_groups USING btree (customuser_id);


--
-- Name: e_commerce_app_customuser_groups_group_id_ff8a141a; Type: INDEX; Schema: public; Owner: aboka
--

CREATE INDEX e_commerce_app_customuser_groups_group_id_ff8a141a ON public.e_commerce_app_customuser_groups USING btree (group_id);


--
-- Name: e_commerce_app_devicebrandcategory_name_64add274_like; Type: INDEX; Schema: public; Owner: aboka
--

CREATE INDEX e_commerce_app_devicebrandcategory_name_64add274_like ON public.e_commerce_app_devicebrandcategory USING btree (name varchar_pattern_ops);


--
-- Name: e_commerce_app_devicebrandcategory_product_category_id_1b6ad433; Type: INDEX; Schema: public; Owner: aboka
--

CREATE INDEX e_commerce_app_devicebrandcategory_product_category_id_1b6ad433 ON public.e_commerce_app_devicebrandcategory USING btree (product_category_id);


--
-- Name: e_commerce_app_devicetypecategory_name_476d2eed_like; Type: INDEX; Schema: public; Owner: aboka
--

CREATE INDEX e_commerce_app_devicetypecategory_name_476d2eed_like ON public.e_commerce_app_devicetypecategory USING btree (name varchar_pattern_ops);


--
-- Name: e_commerce_app_devicetypecategory_product_category_id_b2a30a80; Type: INDEX; Schema: public; Owner: aboka
--

CREATE INDEX e_commerce_app_devicetypecategory_product_category_id_b2a30a80 ON public.e_commerce_app_devicetypecategory USING btree (product_category_id);


--
-- Name: e_commerce_app_orderdetail_user_id_38a5f335; Type: INDEX; Schema: public; Owner: aboka
--

CREATE INDEX e_commerce_app_orderdetail_user_id_38a5f335 ON public.e_commerce_app_orderdetail USING btree (user_id);


--
-- Name: e_commerce_app_orderitem_order_id_3bef1d6e; Type: INDEX; Schema: public; Owner: aboka
--

CREATE INDEX e_commerce_app_orderitem_order_id_3bef1d6e ON public.e_commerce_app_orderitem USING btree (order_id);


--
-- Name: e_commerce_app_parttypecategory_name_f2c97ee2_like; Type: INDEX; Schema: public; Owner: aboka
--

CREATE INDEX e_commerce_app_parttypecategory_name_f2c97ee2_like ON public.e_commerce_app_parttypecategory USING btree (name varchar_pattern_ops);


--
-- Name: e_commerce_app_parttypecategory_product_category_id_3f566653; Type: INDEX; Schema: public; Owner: aboka
--

CREATE INDEX e_commerce_app_parttypecategory_product_category_id_3f566653 ON public.e_commerce_app_parttypecategory USING btree (product_category_id);


--
-- Name: e_commerce_app_product_device_brand_category_id_67944aaf; Type: INDEX; Schema: public; Owner: aboka
--

CREATE INDEX e_commerce_app_product_device_brand_category_id_67944aaf ON public.e_commerce_app_product USING btree (device_brand_category_id);


--
-- Name: e_commerce_app_product_device_type_category_id_c986858e; Type: INDEX; Schema: public; Owner: aboka
--

CREATE INDEX e_commerce_app_product_device_type_category_id_c986858e ON public.e_commerce_app_product USING btree (device_type_category_id);


--
-- Name: e_commerce_app_product_discount_id_14b64672; Type: INDEX; Schema: public; Owner: aboka
--

CREATE INDEX e_commerce_app_product_discount_id_14b64672 ON public.e_commerce_app_product USING btree (discount_id);


--
-- Name: e_commerce_app_product_part_type_category_id_6ee47ca5; Type: INDEX; Schema: public; Owner: aboka
--

CREATE INDEX e_commerce_app_product_part_type_category_id_6ee47ca5 ON public.e_commerce_app_product USING btree (part_type_category_id);


--
-- Name: e_commerce_app_productcategory_name_da472404_like; Type: INDEX; Schema: public; Owner: aboka
--

CREATE INDEX e_commerce_app_productcategory_name_da472404_like ON public.e_commerce_app_productcategory USING btree (name varchar_pattern_ops);


--
-- Name: e_commerce_app_useraddress_user_id_c5a70e44; Type: INDEX; Schema: public; Owner: aboka
--

CREATE INDEX e_commerce_app_useraddress_user_id_c5a70e44 ON public.e_commerce_app_useraddress USING btree (user_id);


--
-- Name: auth_group_permissions auth_group_permissio_permission_id_84c5c92e_fk_auth_perm; Type: FK CONSTRAINT; Schema: public; Owner: aboka
--

ALTER TABLE ONLY public.auth_group_permissions
    ADD CONSTRAINT auth_group_permissio_permission_id_84c5c92e_fk_auth_perm FOREIGN KEY (permission_id) REFERENCES public.auth_permission(id) DEFERRABLE INITIALLY DEFERRED;


--
-- Name: auth_group_permissions auth_group_permissions_group_id_b120cbf9_fk_auth_group_id; Type: FK CONSTRAINT; Schema: public; Owner: aboka
--

ALTER TABLE ONLY public.auth_group_permissions
    ADD CONSTRAINT auth_group_permissions_group_id_b120cbf9_fk_auth_group_id FOREIGN KEY (group_id) REFERENCES public.auth_group(id) DEFERRABLE INITIALLY DEFERRED;


--
-- Name: auth_permission auth_permission_content_type_id_2f476e4b_fk_django_co; Type: FK CONSTRAINT; Schema: public; Owner: aboka
--

ALTER TABLE ONLY public.auth_permission
    ADD CONSTRAINT auth_permission_content_type_id_2f476e4b_fk_django_co FOREIGN KEY (content_type_id) REFERENCES public.django_content_type(id) DEFERRABLE INITIALLY DEFERRED;


--
-- Name: django_admin_log django_admin_log_content_type_id_c4bce8eb_fk_django_co; Type: FK CONSTRAINT; Schema: public; Owner: aboka
--

ALTER TABLE ONLY public.django_admin_log
    ADD CONSTRAINT django_admin_log_content_type_id_c4bce8eb_fk_django_co FOREIGN KEY (content_type_id) REFERENCES public.django_content_type(id) DEFERRABLE INITIALLY DEFERRED;


--
-- Name: django_admin_log django_admin_log_user_id_c564eba6_fk_e_commerc; Type: FK CONSTRAINT; Schema: public; Owner: aboka
--

ALTER TABLE ONLY public.django_admin_log
    ADD CONSTRAINT django_admin_log_user_id_c564eba6_fk_e_commerc FOREIGN KEY (user_id) REFERENCES public.e_commerce_app_customuser(id) DEFERRABLE INITIALLY DEFERRED;


--
-- Name: e_commerce_app_cartitem e_commerce_app_carti_product_id_b59c4a16_fk_e_commerc; Type: FK CONSTRAINT; Schema: public; Owner: aboka
--

ALTER TABLE ONLY public.e_commerce_app_cartitem
    ADD CONSTRAINT e_commerce_app_carti_product_id_b59c4a16_fk_e_commerc FOREIGN KEY (product_id) REFERENCES public.e_commerce_app_product(id) DEFERRABLE INITIALLY DEFERRED;


--
-- Name: e_commerce_app_cartitem e_commerce_app_carti_session_id_ce8e428a_fk_e_commerc; Type: FK CONSTRAINT; Schema: public; Owner: aboka
--

ALTER TABLE ONLY public.e_commerce_app_cartitem
    ADD CONSTRAINT e_commerce_app_carti_session_id_ce8e428a_fk_e_commerc FOREIGN KEY (session_id) REFERENCES public.e_commerce_app_shoppingsession(id) DEFERRABLE INITIALLY DEFERRED;


--
-- Name: e_commerce_app_customuser_groups e_commerce_app_custo_customuser_id_64bb1457_fk_e_commerc; Type: FK CONSTRAINT; Schema: public; Owner: aboka
--

ALTER TABLE ONLY public.e_commerce_app_customuser_groups
    ADD CONSTRAINT e_commerce_app_custo_customuser_id_64bb1457_fk_e_commerc FOREIGN KEY (customuser_id) REFERENCES public.e_commerce_app_customuser(id) DEFERRABLE INITIALLY DEFERRED;


--
-- Name: e_commerce_app_customuser_user_permissions e_commerce_app_custo_customuser_id_db11a88e_fk_e_commerc; Type: FK CONSTRAINT; Schema: public; Owner: aboka
--

ALTER TABLE ONLY public.e_commerce_app_customuser_user_permissions
    ADD CONSTRAINT e_commerce_app_custo_customuser_id_db11a88e_fk_e_commerc FOREIGN KEY (customuser_id) REFERENCES public.e_commerce_app_customuser(id) DEFERRABLE INITIALLY DEFERRED;


--
-- Name: e_commerce_app_customuser_groups e_commerce_app_custo_group_id_ff8a141a_fk_auth_grou; Type: FK CONSTRAINT; Schema: public; Owner: aboka
--

ALTER TABLE ONLY public.e_commerce_app_customuser_groups
    ADD CONSTRAINT e_commerce_app_custo_group_id_ff8a141a_fk_auth_grou FOREIGN KEY (group_id) REFERENCES public.auth_group(id) DEFERRABLE INITIALLY DEFERRED;


--
-- Name: e_commerce_app_customuser_user_permissions e_commerce_app_custo_permission_id_755614d0_fk_auth_perm; Type: FK CONSTRAINT; Schema: public; Owner: aboka
--

ALTER TABLE ONLY public.e_commerce_app_customuser_user_permissions
    ADD CONSTRAINT e_commerce_app_custo_permission_id_755614d0_fk_auth_perm FOREIGN KEY (permission_id) REFERENCES public.auth_permission(id) DEFERRABLE INITIALLY DEFERRED;


--
-- Name: e_commerce_app_devicebrandcategory e_commerce_app_devic_product_category_id_1b6ad433_fk_e_commerc; Type: FK CONSTRAINT; Schema: public; Owner: aboka
--

ALTER TABLE ONLY public.e_commerce_app_devicebrandcategory
    ADD CONSTRAINT e_commerce_app_devic_product_category_id_1b6ad433_fk_e_commerc FOREIGN KEY (product_category_id) REFERENCES public.e_commerce_app_productcategory(id) DEFERRABLE INITIALLY DEFERRED;


--
-- Name: e_commerce_app_devicetypecategory e_commerce_app_devic_product_category_id_b2a30a80_fk_e_commerc; Type: FK CONSTRAINT; Schema: public; Owner: aboka
--

ALTER TABLE ONLY public.e_commerce_app_devicetypecategory
    ADD CONSTRAINT e_commerce_app_devic_product_category_id_b2a30a80_fk_e_commerc FOREIGN KEY (product_category_id) REFERENCES public.e_commerce_app_productcategory(id) DEFERRABLE INITIALLY DEFERRED;


--
-- Name: e_commerce_app_orderitem e_commerce_app_order_order_id_3bef1d6e_fk_e_commerc; Type: FK CONSTRAINT; Schema: public; Owner: aboka
--

ALTER TABLE ONLY public.e_commerce_app_orderitem
    ADD CONSTRAINT e_commerce_app_order_order_id_3bef1d6e_fk_e_commerc FOREIGN KEY (order_id) REFERENCES public.e_commerce_app_orderdetail(id) DEFERRABLE INITIALLY DEFERRED;


--
-- Name: e_commerce_app_orderitem e_commerce_app_order_product_id_0be0024b_fk_e_commerc; Type: FK CONSTRAINT; Schema: public; Owner: aboka
--

ALTER TABLE ONLY public.e_commerce_app_orderitem
    ADD CONSTRAINT e_commerce_app_order_product_id_0be0024b_fk_e_commerc FOREIGN KEY (product_id) REFERENCES public.e_commerce_app_product(id) DEFERRABLE INITIALLY DEFERRED;


--
-- Name: e_commerce_app_orderdetail e_commerce_app_order_user_id_38a5f335_fk_e_commerc; Type: FK CONSTRAINT; Schema: public; Owner: aboka
--

ALTER TABLE ONLY public.e_commerce_app_orderdetail
    ADD CONSTRAINT e_commerce_app_order_user_id_38a5f335_fk_e_commerc FOREIGN KEY (user_id) REFERENCES public.e_commerce_app_customuser(id) DEFERRABLE INITIALLY DEFERRED;


--
-- Name: e_commerce_app_parttypecategory e_commerce_app_partt_product_category_id_3f566653_fk_e_commerc; Type: FK CONSTRAINT; Schema: public; Owner: aboka
--

ALTER TABLE ONLY public.e_commerce_app_parttypecategory
    ADD CONSTRAINT e_commerce_app_partt_product_category_id_3f566653_fk_e_commerc FOREIGN KEY (product_category_id) REFERENCES public.e_commerce_app_productcategory(id) DEFERRABLE INITIALLY DEFERRED;


--
-- Name: e_commerce_app_product e_commerce_app_produ_device_brand_categor_67944aaf_fk_e_commerc; Type: FK CONSTRAINT; Schema: public; Owner: aboka
--

ALTER TABLE ONLY public.e_commerce_app_product
    ADD CONSTRAINT e_commerce_app_produ_device_brand_categor_67944aaf_fk_e_commerc FOREIGN KEY (device_brand_category_id) REFERENCES public.e_commerce_app_devicebrandcategory(id) DEFERRABLE INITIALLY DEFERRED;


--
-- Name: e_commerce_app_product e_commerce_app_produ_device_type_category_c986858e_fk_e_commerc; Type: FK CONSTRAINT; Schema: public; Owner: aboka
--

ALTER TABLE ONLY public.e_commerce_app_product
    ADD CONSTRAINT e_commerce_app_produ_device_type_category_c986858e_fk_e_commerc FOREIGN KEY (device_type_category_id) REFERENCES public.e_commerce_app_devicetypecategory(id) DEFERRABLE INITIALLY DEFERRED;


--
-- Name: e_commerce_app_product e_commerce_app_produ_discount_id_14b64672_fk_e_commerc; Type: FK CONSTRAINT; Schema: public; Owner: aboka
--

ALTER TABLE ONLY public.e_commerce_app_product
    ADD CONSTRAINT e_commerce_app_produ_discount_id_14b64672_fk_e_commerc FOREIGN KEY (discount_id) REFERENCES public.e_commerce_app_discount(id) DEFERRABLE INITIALLY DEFERRED;


--
-- Name: e_commerce_app_product e_commerce_app_produ_part_type_category_i_6ee47ca5_fk_e_commerc; Type: FK CONSTRAINT; Schema: public; Owner: aboka
--

ALTER TABLE ONLY public.e_commerce_app_product
    ADD CONSTRAINT e_commerce_app_produ_part_type_category_i_6ee47ca5_fk_e_commerc FOREIGN KEY (part_type_category_id) REFERENCES public.e_commerce_app_parttypecategory(id) DEFERRABLE INITIALLY DEFERRED;


--
-- Name: e_commerce_app_shoppingsession e_commerce_app_shopp_user_id_bef0fa40_fk_e_commerc; Type: FK CONSTRAINT; Schema: public; Owner: aboka
--

ALTER TABLE ONLY public.e_commerce_app_shoppingsession
    ADD CONSTRAINT e_commerce_app_shopp_user_id_bef0fa40_fk_e_commerc FOREIGN KEY (user_id) REFERENCES public.e_commerce_app_customuser(id) DEFERRABLE INITIALLY DEFERRED;


--
-- Name: e_commerce_app_useraddress e_commerce_app_usera_user_id_c5a70e44_fk_e_commerc; Type: FK CONSTRAINT; Schema: public; Owner: aboka
--

ALTER TABLE ONLY public.e_commerce_app_useraddress
    ADD CONSTRAINT e_commerce_app_usera_user_id_c5a70e44_fk_e_commerc FOREIGN KEY (user_id) REFERENCES public.e_commerce_app_customuser(id) DEFERRABLE INITIALLY DEFERRED;


--
-- PostgreSQL database dump complete
--

